target,mae,rmse
FR_load_actual,2134.6354308649347,2842.663889184351
FR_solar_actual,671.2498765948266,1052.1563077864025
FR_wind_actual,965.6557597838612,1330.4817771714809
FR_price_actual,30.0826416015625,38.2020210090996
